{
  "claim_ceiling": "diagnostic_observation",
  "models": [
    {
      "coefficients": [
        0.003695331141871815,
        -0.004709025815132871,
        -0.003225300747186708,
        -0.02676418661552058,
        0.01566713463397128,
        -0.007736727566248706,
        -0.004065204281828516,
        -0.006494505327469482,
        0.0074766000230671245,
        0.0022398607488492398,
        -0.0064578566838199136,
        -0.023248866326107467
      ],
      "feature_names": [
        "log_return_1",
        "log_return_3",
        "log_return_12",
        "realized_vol_12",
        "realized_vol_48",
        "true_range_ratio_24",
        "body_ratio_24",
        "close_location",
        "tick_volume_z_48",
        "spread_ratio_24",
        "time_of_day_sin",
        "time_of_day_cos"
      ],
      "fold_id": "V2D002",
      "intercept": 0.01142620949819359,
      "residual_band": 0.6873262871277699,
      "scaler_mean": [
        2.687167970323546e-06,
        8.22325773014403e-06,
        3.4947997088331025e-05,
        0.0005813561887290589,
        0.0006460454585688764,
        1.0252902736760343,
        0.5229958611468569,
        0.5097139478343272,
        0.06265881810156043,
        0.9999651127313346,
        0.06608228291545389,
        0.032749058601497856
      ],
      "scaler_scale": [
        0.0007954058642430824,
        0.0013755443005823251,
        0.0027457598113444794,
        0.0004910602820544062,
        0.00046939311635491433,
        0.5725447511980568,
        0.49237608084280504,
        0.3113414871834923,
        1.3804962301711479,
        0.021160974383476024,
        0.6886531068055358,
        0.7213303841122296
      ]
    },
    {
      "coefficients": [
        -7.796266160128157e-05,
        -0.004634942369939132,
        0.006718715443646174,
        -0.033664864368004165,
        0.038429481834991785,
        -0.03899809547389622,
        0.014393563395448936,
        -0.006657393361317986,
        0.030690138633548927,
        0.015438167390936274,
        -0.003981114017470833,
        0.0004073370761298223
      ],
      "feature_names": [
        "log_return_1",
        "log_return_3",
        "log_return_12",
        "realized_vol_12",
        "realized_vol_48",
        "true_range_ratio_24",
        "body_ratio_24",
        "close_location",
        "tick_volume_z_48",
        "spread_ratio_24",
        "time_of_day_sin",
        "time_of_day_cos"
      ],
      "fold_id": "V2D005",
      "intercept": 0.01812902764558632,
      "residual_band": 0.6435464713484732,
      "scaler_mean": [
        3.297622071022937e-06,
        1.0799912848673637e-05,
        5.005212990513237e-05,
        0.00044499367043095373,
        0.0004942494429695273,
        1.0309659766659167,
        0.5272674181357211,
        0.5164632021969683,
        0.07328953568068694,
        0.9991435311778628,
        0.0868405494467136,
        0.07123504761333734
      ],
      "scaler_scale": [
        0.0006091391367468088,
        0.0010358773762149185,
        0.0020631564538599817,
        0.0003736600899242261,
        0.00034674976254229264,
        0.5703341403735588,
        0.49118263451850475,
        0.31089827473814846,
        1.3638679555077369,
        0.07883075688837303,
        0.6866587708339733,
        0.718250661613724
      ]
    },
    {
      "coefficients": [
        0.0003460992210105006,
        0.010447383997045145,
        0.00246663176553291,
        -0.014477232484157016,
        0.0174991777820575,
        -0.019579861503940713,
        0.006395276491886568,
        0.006855846531362884,
        0.016528166182163594,
        0.014881135612067895,
        -0.006114098229937601,
        0.018120391783303703
      ],
      "feature_names": [
        "log_return_1",
        "log_return_3",
        "log_return_12",
        "realized_vol_12",
        "realized_vol_48",
        "true_range_ratio_24",
        "body_ratio_24",
        "close_location",
        "tick_volume_z_48",
        "spread_ratio_24",
        "time_of_day_sin",
        "time_of_day_cos"
      ],
      "fold_id": "V2D008",
      "intercept": 0.0156643714907192,
      "residual_band": 0.6329000471654903,
      "scaler_mean": [
        2.6698612035085616e-06,
        8.748191119607772e-06,
        3.7840499765312694e-05,
        0.0005387440643220988,
        0.0005983030210852104,
        1.0249986965194062,
        0.5173349843695297,
        0.5190718219159315,
        0.04720433060936912,
        0.9993075317535487,
        0.07607462081095383,
        0.049863859947169235
      ],
      "scaler_scale": [
        0.0008223732331501943,
        0.0014033624120595237,
        0.0028043734039749683,
        0.0005516953689389567,
        0.0005219167575088742,
        0.5722770254804052,
        0.48645930362498274,
        0.30487305882509047,
        1.3584048552277446,
        0.08262116986200718,
        0.6865829635879205,
        0.7213390847303137
      ]
    }
  ],
  "schema": "axiom_rift_v2_scout_model_bundles_v1"
}
